{"cameraMode":{"drawMode":0,"name":"Shaded","section":"Shading Mode"},"sceneLighting":false,"audioPlay":false,"sceneViewState":{"m_AlwaysRefresh":false,"showFog":true,"showSkybox":false,"showFlares":true,"showImageEffects":true,"showParticleSystems":true,"showVisualEffectGraphs":true,"m_FxEnabled":true},"in2DMode":false,"pivot":{"x":-0.4799080491065979,"y":1.2650833129882813,"z":0.7543144226074219},"rotation":{"x":-0.003291057888418436,"y":0.9463809728622437,"z":-0.32290077209472659,"w":-0.00965313520282507},"size":0.8660253882408142,"orthographic":false}